{"cameraMode":{"drawMode":0,"name":"Shaded","section":"Shading Mode"},"sceneLighting":false,"audioPlay":false,"sceneViewState":{"showFog":true,"showMaterialUpdate":false,"showSkybox":false,"showFlares":true,"showImageEffects":true,"showParticleSystems":true},"in2DMode":false,"pivot":{"x":0.000014781951904296875,"y":0.9014203548431397,"z":0.016583874821662904},"rotation":{"x":0.009354415349662304,"y":-0.970518171787262,"z":0.038171492516994479,"w":0.23780259490013123},"size":2.9399588108062746,"orthographic":false}