{"cameraMode":{"drawMode":0,"name":"Shaded","section":"Shading Mode"},"sceneLighting":false,"audioPlay":false,"sceneViewState":{"showFog":true,"showMaterialUpdate":false,"showSkybox":false,"showFlares":true,"showImageEffects":true,"showParticleSystems":true},"in2DMode":false,"pivot":{"x":0.0000013709068298339844,"y":0.9022645950317383,"z":0.02162379026412964},"rotation":{"x":0.032408781349658969,"y":0.9675612449645996,"z":-0.17337992787361146,"w":0.18087099492549897},"size":4.421255588531494,"orthographic":false}